Group,Value
SuperSand,65.71
SuperSand,76.14
SuperSand,74.13
SuperSand,62.11
SuperSand,64.99
SuperSand,92.02
SuperSand,64.37
SuperSand,85.52
SuperSand,46.23
SuperSand,62.2
SuperSand,53.12
SuperSand,61.11
SuperSand,40.34
SuperSand,50.46
SuperSand,55.49
SuperSand,57.97
ASTM,27.1
ASTM,34.72
ASTM,29.14
ASTM,35.25
ASTM,34.83
ASTM,37.45
ASTM,33.88
ASTM,37.81
ASTM,26.87
ASTM,30.17
ASTM,27.56
ASTM,36.44
ASTM,29.61
ASTM,32.3
ASTM,35.7
ASTM,34.85
,
,
,
,
,
,
,
,
,
,
,
,
,
,
,
,
,
,
,
,
,
,
,
,
,
,
,
,
,
,
,
,
,
,
,
,
,
,
,
,
,
,
,
,
,
,
,
,
,
,
,
,
,
,
,
,
,
,
,
,
,
,
,
,
